{
    "schema_version": 1,
    "quilt_loader": {
        "group": "${group}",
        "id": "odyssey",
        "version": "${version}",
        "metadata": {
            "name": "Odyssey",
            "description": "A quest mod to make your adventures Epic.",
            "contributors": {
                "DrowsyPrince": "Owner"
            },
            "contact": {},
            "icon": "assets/example_mod/icon.png",
            "license": "MIT"
        },
        "intermediate_mappings": "net.fabricmc:intermediary",
        "entrypoints": {
            "init": "io.github.drowsiestprince.odyssey.Odyssey"
        },
        "depends": [
            {
                "id": "quilt_loader",
                "versions": ">=0.19.1"
            },
            {
                "id": "quilted_fabric_api",
                "versions": ">=7.0.2"
            },
            {
                "id": "minecraft",
                "versions": ">=1.20"
            }
        ]
    },
    "mixin": "odyssey.mixins.json"
}